Current Factory,Region,orders,avg_lead_time,avg_distance
Lot's O' Nuts,Atlantic,1661,7.533618302227574,2024.6562677975433
Lot's O' Nuts,Gulf,897,6.870434782608696,1665.6426419584036
Lot's O' Nuts,Interior,1321,5.882467827403482,1139.5340195260214
Lot's O' Nuts,Pacific,1813,4.710375068946497,613.8607045439895
Secret Factory,Atlantic,72,4.865694444444444,731.0973652746957
Secret Factory,Gulf,37,4.851081081081081,714.6510442513412
Secret Factory,Interior,45,4.063111111111112,420.7677646002492
Secret Factory,Pacific,63,6.0442857142857145,1441.192068917705
Sugar Shack,Atlantic,18,5.950555555555556,1098.854668741683
Sugar Shack,Gulf,4,6.8975,1450.609404074851
Sugar Shack,Interior,8,4.88,848.0356481417759
Sugar Shack,Pacific,3,6.173333333333333,1297.6590147643076
The Other Factory,Atlantic,38,5.36,903.2240781313997
The Other Factory,Gulf,19,3.796315789473684,460.102432114159
The Other Factory,Interior,11,4.664545454545455,485.49016861674335
The Other Factory,Pacific,32,6.4196875,1612.428083817314
Wicked Choccy's,Atlantic,1197,5.046048454469507,738.5206296777452
Wicked Choccy's,Gulf,663,4.263981900452489,349.0823404969261
Wicked Choccy's,Interior,950,5.382652631578948,891.3861493106423
Wicked Choccy's,Pacific,1342,7.8414754098360655,2144.954875667048
