Division,Product Name,Current Factory,avg_lead_time,avg_distance,orders,avg_margin_pct
Chocolate,Wonka Bar - Fudge Mallows,Lot's O' Nuts,6.193597359735973,1328.2373762699817,1818,0.6666666666666666
Sugar,Nerds,Sugar Shack,6.165,1098.724900854875,4,0.4666666666666666
Chocolate,Wonka Bar -Scrumdiddlyumptious,Lot's O' Nuts,6.143502906976744,1312.0680648672617,2064,0.6944444444444444
Chocolate,Wonka Bar - Nutty Crunch Surprise,Lot's O' Nuts,6.103104972375691,1299.6935755998234,1810,0.7134670487106016
Sugar,SweeTARTS,Sugar Shack,5.982,1118.846534403042,10,0.4666666666666666
Chocolate,Wonka Bar - Triple Dazzle Caramel,Wicked Choccy's,5.923915632754342,1174.722922935172,2015,0.6533333333333333
Sugar,Laffy Taffy,Sugar Shack,5.904999999999999,1159.3710850204973,10,0.6231155778894473
Chocolate,Wonka Bar - Milk Chocolate,Wicked Choccy's,5.8807814693495555,1157.5715398922043,2137,0.6492307692307692
Sugar,Fizzy Lifting Drinks,Sugar Shack,5.683333333333334,1057.8258525649176,6,0.6
Other,Kazookles,The Other Factory,5.3339583333333325,995.8034081498496,96,0.07692307692307693
Other,Lickable Wallpaper,Secret Factory,5.2222340425531915,924.0331096408532,94,0.5
Sugar,Everlasting Gobstopper,Secret Factory,5.21,893.444328523813,3,0.8000000000000002
Sugar,Hair Toffee,The Other Factory,5.1225000000000005,1101.3561334287156,4,0.7777777777777778
Other,Wonka Gum,Secret Factory,4.891083333333333,827.2608616174391,120,0.52
Sugar,Fun Dip,Sugar Shack,4.876666666666666,911.6843233441447,3,0.39999999999999997
