Product Name,Region,current_factory,recommended_factory,orders_affected,current_lead_time_days,new_lead_time_days,lead_time_reduction_pct,profit_impact_per_order,distance_change_miles,confidence_score,composite_score
Wonka Bar - Milk Chocolate,Pacific,Wicked Choccy's,Lot's O' Nuts,666,8.63,5.43,37.08,6.479,-1594.5,1.0,46.248
Wonka Bar - Triple Dazzle Caramel,Pacific,Wicked Choccy's,Lot's O' Nuts,676,8.68,5.5,36.64,6.101,-1589.4,1.0,45.983999999999995
Wonka Bar -Scrumdiddlyumptious,Gulf,Lot's O' Nuts,Wicked Choccy's,310,7.71,4.72,38.78,5.81,-1497.2,0.923,45.72800000000001
Wonka Bar - Fudge Mallows,Gulf,Lot's O' Nuts,Wicked Choccy's,291,7.71,4.7,39.04,5.599,-1505.9,0.913,45.684
Wonka Bar - Nutty Crunch Surprise,Gulf,Lot's O' Nuts,Wicked Choccy's,296,7.68,4.74,38.28,5.414,-1473.1,0.916,45.288000000000004
Wonka Bar - Nutty Crunch Surprise,Atlantic,Lot's O' Nuts,Wicked Choccy's,490,8.45,5.81,31.24,5.01,-1321.9,0.997,42.684
Wonka Bar - Fudge Mallows,Atlantic,Lot's O' Nuts,Secret Factory,548,8.42,5.81,31.0,4.724,-1289.1,1.0,42.599999999999994
Wonka Bar - Fudge Mallows,Atlantic,Lot's O' Nuts,Wicked Choccy's,548,8.42,5.81,31.0,4.793,-1308.1,1.0,42.599999999999994
Wonka Bar -Scrumdiddlyumptious,Atlantic,Lot's O' Nuts,Secret Factory,623,8.47,5.85,30.93,4.868,-1291.1,1.0,42.558
Wonka Bar -Scrumdiddlyumptious,Atlantic,Lot's O' Nuts,Wicked Choccy's,623,8.47,5.86,30.81,4.925,-1306.4,1.0,42.486
Wonka Bar - Nutty Crunch Surprise,Atlantic,Lot's O' Nuts,Secret Factory,490,8.45,5.84,30.89,4.879,-1287.2,0.997,42.474000000000004
Wonka Bar -Scrumdiddlyumptious,Gulf,Lot's O' Nuts,The Other Factory,310,7.71,5.24,32.04,4.843,-1248.1,0.923,41.684000000000005
Wonka Bar - Nutty Crunch Surprise,Gulf,Lot's O' Nuts,The Other Factory,296,7.68,5.21,32.16,4.579,-1245.8,0.916,41.616
Wonka Bar - Fudge Mallows,Gulf,Lot's O' Nuts,The Other Factory,291,7.71,5.24,32.04,4.639,-1247.7,0.913,41.484
Wonka Bar - Fudge Mallows,Atlantic,Lot's O' Nuts,The Other Factory,548,8.42,6.13,27.2,4.248,-1159.4,1.0,40.32
Wonka Bar - Nutty Crunch Surprise,Atlantic,Lot's O' Nuts,The Other Factory,490,8.45,6.15,27.22,4.412,-1164.1,0.997,40.272
Wonka Bar -Scrumdiddlyumptious,Atlantic,Lot's O' Nuts,The Other Factory,623,8.47,6.18,27.04,4.36,-1156.4,1.0,40.224000000000004
Wonka Bar - Nutty Crunch Surprise,Interior,Lot's O' Nuts,The Other Factory,452,6.67,4.87,26.99,3.428,-914.7,0.984,39.874
Wonka Bar - Fudge Mallows,Interior,Lot's O' Nuts,The Other Factory,410,6.61,4.82,27.08,3.54,-910.0,0.968,39.608
Wonka Bar -Scrumdiddlyumptious,Interior,Lot's O' Nuts,The Other Factory,459,6.56,4.84,26.22,3.269,-870.8,0.986,39.452
Wonka Bar - Nutty Crunch Surprise,Interior,Lot's O' Nuts,Secret Factory,452,6.67,4.97,25.49,3.118,-832.0,0.984,38.974000000000004
Wonka Bar -Scrumdiddlyumptious,Atlantic,Lot's O' Nuts,Sugar Shack,623,8.47,6.43,24.09,3.649,-967.9,1.0,38.454
Wonka Bar - Fudge Mallows,Atlantic,Lot's O' Nuts,Sugar Shack,548,8.42,6.41,23.87,3.509,-957.7,1.0,38.322
Wonka Bar - Nutty Crunch Surprise,Atlantic,Lot's O' Nuts,Sugar Shack,490,8.45,6.45,23.67,3.608,-951.9,0.997,38.141999999999996
Wonka Bar -Scrumdiddlyumptious,Gulf,Lot's O' Nuts,Secret Factory,310,7.71,5.71,25.94,3.807,-981.2,0.923,38.024
Wonka Bar - Fudge Mallows,Gulf,Lot's O' Nuts,Secret Factory,291,7.71,5.71,25.94,3.646,-980.6,0.913,37.824
Wonka Bar - Nutty Crunch Surprise,Gulf,Lot's O' Nuts,Secret Factory,296,7.68,5.71,25.65,3.555,-967.4,0.916,37.71000000000001
Wonka Bar - Fudge Mallows,Interior,Lot's O' Nuts,Secret Factory,410,6.61,5.03,23.9,3.014,-774.7,0.968,37.699999999999996
Hair Toffee,Pacific,The Other Factory,Lot's O' Nuts,2,4.8,2.4,50.0,5.924,-1184.8,0.177,37.54
Wonka Bar -Scrumdiddlyumptious,Interior,Lot's O' Nuts,Secret Factory,459,6.56,5.13,21.8,2.612,-695.9,0.986,36.8
Wonka Bar - Triple Dazzle Caramel,Pacific,Wicked Choccy's,Sugar Shack,676,8.68,6.87,20.85,3.268,-851.5,1.0,36.51
Wonka Bar - Milk Chocolate,Pacific,Wicked Choccy's,Sugar Shack,666,8.63,6.85,20.63,3.403,-837.4,1.0,36.378
Wonka Bar - Milk Chocolate,Interior,Wicked Choccy's,The Other Factory,499,5.91,4.85,17.94,2.022,-540.1,1.0,34.764
Wonka Bar - Triple Dazzle Caramel,Interior,Wicked Choccy's,The Other Factory,451,5.97,4.91,17.76,2.027,-540.2,0.983,34.316
Wonka Bar - Milk Chocolate,Pacific,Wicked Choccy's,Secret Factory,666,8.63,7.28,15.64,2.652,-652.7,1.0,33.384
Wonka Bar - Triple Dazzle Caramel,Pacific,Wicked Choccy's,Secret Factory,676,8.68,7.33,15.55,2.526,-658.2,1.0,33.33
Wonka Bar - Triple Dazzle Caramel,Interior,Wicked Choccy's,Secret Factory,451,5.97,5.01,16.08,1.717,-457.7,0.983,33.308
Wonka Bar - Milk Chocolate,Interior,Wicked Choccy's,Secret Factory,499,5.91,5.01,15.23,1.623,-433.4,1.0,33.138
Kazookles,Pacific,The Other Factory,Lot's O' Nuts,30,7.52,5.4,28.19,3.659,-1045.4,0.552,31.954
Wonka Bar - Milk Chocolate,Pacific,Wicked Choccy's,The Other Factory,666,8.63,7.55,12.51,2.242,-551.9,1.0,31.506
Wonka Bar - Triple Dazzle Caramel,Pacific,Wicked Choccy's,The Other Factory,676,8.68,7.6,12.44,2.119,-552.1,1.0,31.464
Wonka Bar - Nutty Crunch Surprise,Interior,Lot's O' Nuts,Sugar Shack,452,6.67,5.83,12.59,1.377,-367.5,0.984,31.234
Wonka Gum,Pacific,Secret Factory,Lot's O' Nuts,28,7.08,5.16,27.12,2.678,-973.8,0.542,31.112000000000002
Wonka Bar - Nutty Crunch Surprise,Interior,Lot's O' Nuts,Wicked Choccy's,452,6.67,5.91,11.39,1.431,-382.0,0.984,30.514000000000003
Wonka Bar -Scrumdiddlyumptious,Gulf,Lot's O' Nuts,Sugar Shack,310,7.71,6.71,12.97,1.747,-450.2,0.923,30.242000000000004
Lickable Wallpaper,Pacific,Secret Factory,Lot's O' Nuts,34,7.15,5.39,24.62,3.837,-893.5,0.572,30.211999999999996
Wonka Bar - Fudge Mallows,Gulf,Lot's O' Nuts,Sugar Shack,291,7.71,6.7,13.1,1.672,-449.8,0.913,30.12
Wonka Bar - Fudge Mallows,Interior,Lot's O' Nuts,Sugar Shack,410,6.61,5.88,11.04,1.23,-316.2,0.968,29.983999999999998
Wonka Bar - Nutty Crunch Surprise,Gulf,Lot's O' Nuts,Sugar Shack,296,7.68,6.71,12.63,1.598,-434.8,0.916,29.898000000000003
Wonka Bar - Fudge Mallows,Interior,Lot's O' Nuts,Wicked Choccy's,410,6.61,5.89,10.89,1.423,-365.9,0.968,29.894
Wonka Bar -Scrumdiddlyumptious,Interior,Lot's O' Nuts,Wicked Choccy's,459,6.56,5.93,9.6,1.198,-319.1,0.986,29.479999999999997
Wonka Bar -Scrumdiddlyumptious,Interior,Lot's O' Nuts,Sugar Shack,459,6.56,5.96,9.15,0.942,-251.0,0.986,28.978
Laffy Taffy,Gulf,Sugar Shack,Wicked Choccy's,2,7.64,5.14,32.72,7.187,-1306.8,0.177,27.171999999999997
Fizzy Lifting Drinks,Pacific,Sugar Shack,Lot's O' Nuts,1,6.93,4.62,33.33,3.621,-1207.1,0.111,26.217999999999996
Fizzy Lifting Drinks,Gulf,Sugar Shack,Wicked Choccy's,1,7.61,5.1,32.98,5.227,-1306.8,0.111,26.007999999999996
SweeTARTS,Pacific,Sugar Shack,Lot's O' Nuts,1,5.54,3.74,32.49,3.801,-950.1,0.111,25.714
Wonka Gum,Gulf,Secret Factory,Wicked Choccy's,26,5.69,4.64,18.45,2.507,-543.2,0.53,25.67
Fun Dip,Gulf,Sugar Shack,The Other Factory,1,4.51,3.05,32.37,0.792,-792.8,0.111,24.809999999999995
Hair Toffee,Gulf,The Other Factory,Wicked Choccy's,1,2.07,1.41,31.88,0.634,-317.2,0.111,23.884
SweeTARTS,Interior,Sugar Shack,The Other Factory,4,6.14,4.84,21.17,2.316,-712.4,0.259,21.881999999999998
Fizzy Lifting Drinks,Interior,Sugar Shack,Secret Factory,2,3.17,2.42,23.66,1.023,-409.3,0.177,21.735999999999997
Fun Dip,Interior,Sugar Shack,Secret Factory,1,3.84,2.85,25.78,1.595,-531.6,0.111,21.688
Wonka Bar - Triple Dazzle Caramel,Interior,Wicked Choccy's,Sugar Shack,451,5.97,5.84,2.18,0.044,-11.8,0.983,21.144
Kazookles,Pacific,The Other Factory,Sugar Shack,30,7.52,6.79,9.71,1.054,-301.1,0.552,20.866
Laffy Taffy,Gulf,Sugar Shack,The Other Factory,2,7.64,5.97,21.86,4.965,-902.7,0.177,20.656
Wonka Bar - Milk Chocolate,Atlantic,Wicked Choccy's,Secret Factory,639,5.88,5.83,0.85,0.014,-3.7,1.0,20.566
Wonka Gum,Gulf,Secret Factory,The Other Factory,26,5.69,5.14,9.67,1.405,-304.4,0.53,20.402
Everlasting Gobstopper,Gulf,Secret Factory,Wicked Choccy's,1,6.4,4.89,23.59,3.081,-770.3,0.111,20.374
Wonka Bar - Milk Chocolate,Interior,Wicked Choccy's,Sugar Shack,499,5.91,5.85,1.02,-0.09,24.0,1.0,20.252
Wonka Bar - Triple Dazzle Caramel,Atlantic,Wicked Choccy's,Secret Factory,558,5.8,5.81,-0.17,-0.087,23.3,1.0,19.652
Fizzy Lifting Drinks,Gulf,Sugar Shack,The Other Factory,1,7.61,5.93,22.08,3.611,-902.7,0.111,19.467999999999996
Kazookles,Atlantic,The Other Factory,Wicked Choccy's,37,6.14,5.74,6.51,0.764,-189.7,0.585,18.662
Fun Dip,Gulf,Sugar Shack,Wicked Choccy's,1,4.51,3.47,23.06,0.573,-573.1,0.111,18.348
Lickable Wallpaper,Pacific,Secret Factory,Sugar Shack,34,7.15,6.71,6.15,0.799,-186.0,0.572,18.326
Lickable Wallpaper,Gulf,Secret Factory,Wicked Choccy's,10,5.52,4.92,10.87,1.163,-314.4,0.386,18.241999999999997
Wonka Bar - Milk Chocolate,Atlantic,Wicked Choccy's,The Other Factory,639,5.88,6.18,-5.1,-0.511,139.8,1.0,17.956
Lickable Wallpaper,Gulf,Secret Factory,The Other Factory,10,5.52,4.96,10.14,1.145,-309.3,0.386,17.804000000000002
Wonka Bar - Triple Dazzle Caramel,Atlantic,Wicked Choccy's,The Other Factory,558,5.8,6.12,-5.52,-0.554,148.3,1.0,17.784
Fun Dip,Gulf,Sugar Shack,Secret Factory,1,4.51,3.51,22.17,0.536,-536.7,0.111,17.666
Fizzy Lifting Drinks,Atlantic,Sugar Shack,Wicked Choccy's,2,4.07,3.39,16.71,1.767,-392.8,0.177,17.566
Kazookles,Gulf,The Other Factory,Wicked Choccy's,18,5.07,4.68,7.69,0.786,-181.3,0.474,17.238
SweeTARTS,Interior,Sugar Shack,Secret Factory,4,6.14,5.36,12.7,1.369,-421.0,0.259,16.8
Fizzy Lifting Drinks,Atlantic,Sugar Shack,Secret Factory,2,4.07,3.45,15.23,1.532,-340.4,0.177,16.678
Laffy Taffy,Atlantic,Sugar Shack,Wicked Choccy's,6,6.56,5.85,10.82,0.948,-406.5,0.313,16.544
Kazookles,Atlantic,The Other Factory,Secret Factory,37,6.14,5.85,4.72,0.457,-113.5,0.585,16.36
SweeTARTS,Atlantic,Sugar Shack,Wicked Choccy's,5,6.27,5.61,10.53,1.84,-383.4,0.288,16.078
Wonka Bar - Fudge Mallows,Pacific,Lot's O' Nuts,Wicked Choccy's,569,5.47,8.65,-58.14,-6.234,1591.2,1.0,16.0
Wonka Bar - Fudge Mallows,Pacific,Lot's O' Nuts,Sugar Shack,569,5.47,6.85,-25.23,-2.91,742.7,1.0,16.0
Wonka Bar -Scrumdiddlyumptious,Pacific,Lot's O' Nuts,The Other Factory,672,5.46,7.54,-38.1,-3.783,1030.1,1.0,16.0
Wonka Bar -Scrumdiddlyumptious,Pacific,Lot's O' Nuts,Secret Factory,672,5.46,7.27,-33.15,-3.397,925.1,1.0,16.0
Wonka Bar -Scrumdiddlyumptious,Pacific,Lot's O' Nuts,Sugar Shack,672,5.46,6.83,-25.09,-2.703,736.0,1.0,16.0
Wonka Bar - Fudge Mallows,Pacific,Lot's O' Nuts,Secret Factory,569,5.47,7.3,-33.46,-3.66,934.3,1.0,16.0
Wonka Bar - Nutty Crunch Surprise,Pacific,Lot's O' Nuts,Wicked Choccy's,572,5.52,8.71,-57.79,-5.906,1596.3,1.0,16.0
Wonka Bar - Nutty Crunch Surprise,Pacific,Lot's O' Nuts,Sugar Shack,572,5.52,6.9,-25.0,-2.748,742.8,1.0,16.0
Wonka Bar - Nutty Crunch Surprise,Pacific,Lot's O' Nuts,Secret Factory,572,5.52,7.36,-33.33,-3.471,938.3,1.0,16.0
Wonka Bar -Scrumdiddlyumptious,Pacific,Lot's O' Nuts,Wicked Choccy's,672,5.46,8.62,-57.88,-5.811,1582.2,1.0,16.0
Wonka Bar - Triple Dazzle Caramel,Atlantic,Wicked Choccy's,Sugar Shack,558,5.8,6.42,-10.69,-1.352,361.5,1.0,16.0
Wonka Bar - Triple Dazzle Caramel,Atlantic,Wicked Choccy's,Lot's O' Nuts,558,5.8,8.42,-45.17,-4.899,1310.6,1.0,16.0
Wonka Bar - Milk Chocolate,Atlantic,Wicked Choccy's,Sugar Shack,639,5.88,6.4,-8.84,-1.143,312.8,1.0,16.0
Wonka Bar - Nutty Crunch Surprise,Pacific,Lot's O' Nuts,The Other Factory,572,5.52,7.63,-38.22,-3.864,1044.3,1.0,16.0
Wonka Bar - Milk Chocolate,Interior,Wicked Choccy's,Lot's O' Nuts,499,5.91,6.63,-12.18,-1.35,360.3,1.0,16.0
Wonka Bar - Milk Chocolate,Atlantic,Wicked Choccy's,Lot's O' Nuts,639,5.88,8.45,-43.71,-4.715,1289.8,1.0,16.0
Wonka Bar - Fudge Mallows,Pacific,Lot's O' Nuts,The Other Factory,569,5.47,7.57,-38.39,-4.071,1039.2,1.0,16.0
SweeTARTS,Atlantic,Sugar Shack,Secret Factory,5,6.27,5.64,10.05,1.668,-347.6,0.288,15.790000000000001
Wonka Bar - Triple Dazzle Caramel,Interior,Wicked Choccy's,Lot's O' Nuts,451,5.97,6.61,-10.72,-1.211,322.9,0.983,15.66
Wonka Gum,Pacific,Secret Factory,Sugar Shack,28,7.08,6.71,5.23,0.41,-149.0,0.542,15.618000000000002
Laffy Taffy,Atlantic,Sugar Shack,Secret Factory,6,6.56,5.91,9.91,0.835,-358.1,0.313,15.546
Laffy Taffy,Gulf,Sugar Shack,Secret Factory,2,7.64,6.64,13.09,2.951,-536.5,0.177,15.393999999999998
Wonka Bar - Triple Dazzle Caramel,Gulf,Wicked Choccy's,The Other Factory,330,4.73,5.26,-11.21,-0.942,254.2,0.933,14.892000000000003
Wonka Bar - Milk Chocolate,Gulf,Wicked Choccy's,Secret Factory,333,4.71,5.71,-21.23,-2.123,521.6,0.935,14.7
Wonka Bar - Milk Chocolate,Gulf,Wicked Choccy's,The Other Factory,333,4.71,5.24,-11.25,-1.032,253.4,0.935,14.7
Wonka Bar - Milk Chocolate,Gulf,Wicked Choccy's,Sugar Shack,333,4.71,6.71,-42.46,-4.286,1052.6,0.935,14.7
Wonka Bar - Milk Chocolate,Gulf,Wicked Choccy's,Lot's O' Nuts,333,4.71,7.71,-63.69,-6.112,1501.0,0.935,14.7
Kazookles,Pacific,The Other Factory,Secret Factory,30,7.52,7.25,3.59,0.37,-105.8,0.552,14.674000000000001
Wonka Bar - Triple Dazzle Caramel,Gulf,Wicked Choccy's,Secret Factory,330,4.73,5.72,-20.93,-1.9,512.7,0.933,14.660000000000004
Wonka Bar - Triple Dazzle Caramel,Gulf,Wicked Choccy's,Sugar Shack,330,4.73,6.71,-41.86,-3.863,1042.5,0.933,14.660000000000004
Wonka Bar - Triple Dazzle Caramel,Gulf,Wicked Choccy's,Lot's O' Nuts,330,4.73,7.74,-63.64,-5.573,1503.9,0.933,14.660000000000004
Nerds,Atlantic,Sugar Shack,Wicked Choccy's,4,6.13,5.55,9.46,0.863,-345.0,0.259,14.308
Everlasting Gobstopper,Pacific,Secret Factory,Lot's O' Nuts,1,3.34,2.9,13.17,1.411,-235.1,0.111,14.122
Fizzy Lifting Drinks,Gulf,Sugar Shack,Secret Factory,1,7.61,6.61,13.14,2.146,-536.5,0.111,14.104000000000001
Laffy Taffy,Interior,Sugar Shack,Secret Factory,1,3.24,2.68,17.28,0.317,-317.1,0.111,13.856000000000002
Nerds,Atlantic,Sugar Shack,Secret Factory,4,6.13,5.58,8.97,0.777,-310.7,0.259,13.670000000000002
SweeTARTS,Atlantic,Sugar Shack,The Other Factory,5,6.27,5.93,5.42,1.11,-231.3,0.288,13.012
Wonka Gum,Atlantic,Secret Factory,Wicked Choccy's,37,5.73,5.68,0.87,0.191,-41.8,0.585,12.986
Everlasting Gobstopper,Gulf,Secret Factory,The Other Factory,1,6.4,5.72,10.63,1.465,-366.2,0.111,12.598
Fizzy Lifting Drinks,Atlantic,Sugar Shack,The Other Factory,2,4.07,3.74,8.11,1.013,-225.2,0.177,12.405999999999999
Fun Dip,Interior,Sugar Shack,The Other Factory,1,3.84,3.41,11.2,0.835,-278.1,0.111,12.28
Laffy Taffy,Atlantic,Sugar Shack,The Other Factory,6,6.56,6.18,5.79,0.586,-251.3,0.313,12.078
Fun Dip,Atlantic,Sugar Shack,Wicked Choccy's,1,6.27,5.71,8.93,1.339,-334.7,0.111,11.578000000000001
Lickable Wallpaper,Atlantic,Secret Factory,Wicked Choccy's,35,5.72,5.76,-0.7,-0.015,3.7,0.576,11.459999999999999
Fun Dip,Atlantic,Sugar Shack,Secret Factory,1,6.27,5.73,8.61,1.217,-304.2,0.111,11.386000000000001
Everlasting Gobstopper,Interior,Secret Factory,The Other Factory,1,5.9,5.37,8.98,0.885,-295.1,0.111,11.148000000000001
Wonka Gum,Interior,Secret Factory,The Other Factory,29,4.75,4.81,-1.26,0.001,-0.4,0.547,10.944
SweeTARTS,Interior,Sugar Shack,Wicked Choccy's,4,6.14,5.85,4.72,0.641,-197.0,0.259,10.576
Wonka Gum,Pacific,Secret Factory,The Other Factory,28,7.08,7.3,-3.11,-0.221,80.3,0.542,9.956000000000001
Wonka Gum,Atlantic,Secret Factory,The Other Factory,37,5.73,6.02,-5.06,-0.525,115.0,0.585,9.600000000000001
Lickable Wallpaper,Pacific,Secret Factory,The Other Factory,34,7.15,7.42,-3.78,-0.462,107.7,0.572,9.591999999999999
Hair Toffee,Pacific,The Other Factory,Sugar Shack,2,4.8,4.48,6.67,0.48,-95.9,0.177,9.462
Lickable Wallpaper,Atlantic,Secret Factory,The Other Factory,35,5.72,6.04,-5.59,-0.528,132.8,0.576,9.408
Nerds,Atlantic,Sugar Shack,The Other Factory,4,6.13,5.91,3.59,0.44,-175.8,0.259,9.094000000000001
Hair Toffee,Atlantic,The Other Factory,Wicked Choccy's,1,6.31,5.95,5.71,0.847,-169.4,0.111,9.034
Kazookles,Atlantic,The Other Factory,Sugar Shack,37,6.14,6.44,-4.89,-0.872,216.7,0.585,8.212
Hair Toffee,Atlantic,The Other Factory,Secret Factory,1,6.31,5.98,5.23,0.695,-138.9,0.111,8.138
Wonka Gum,Atlantic,Secret Factory,Lot's O' Nuts,37,5.73,8.33,-45.38,-5.864,1283.8,0.585,7.700000000000001
Wonka Gum,Atlantic,Secret Factory,Sugar Shack,37,5.73,6.36,-10.99,-1.584,346.7,0.585,7.700000000000001
Kazookles,Atlantic,The Other Factory,Lot's O' Nuts,37,6.14,8.46,-37.79,-4.721,1172.3,0.585,7.700000000000001
Lickable Wallpaper,Interior,Secret Factory,The Other Factory,15,4.75,4.94,-4.0,-0.312,65.9,0.446,7.672
Lickable Wallpaper,Atlantic,Secret Factory,Sugar Shack,35,5.72,6.33,-10.66,-1.345,338.5,0.576,7.52
Lickable Wallpaper,Atlantic,Secret Factory,Lot's O' Nuts,35,5.72,8.33,-45.63,-5.119,1288.8,0.576,7.52
Lickable Wallpaper,Pacific,Secret Factory,Wicked Choccy's,34,7.15,8.51,-19.02,-2.833,660.0,0.572,7.4399999999999995
Kazookles,Pacific,The Other Factory,Wicked Choccy's,30,7.52,8.6,-14.36,-1.932,552.0,0.552,7.040000000000001
Wonka Gum,Interior,Secret Factory,Sugar Shack,29,4.75,5.69,-19.79,-1.944,503.3,0.547,6.940000000000001
Wonka Gum,Interior,Secret Factory,Lot's O' Nuts,29,4.75,6.76,-42.32,-3.812,986.8,0.547,6.940000000000001
Wonka Gum,Interior,Secret Factory,Wicked Choccy's,29,4.75,5.76,-21.26,-1.873,484.9,0.547,6.940000000000001
Wonka Gum,Pacific,Secret Factory,Wicked Choccy's,28,7.08,8.38,-18.36,-1.735,631.0,0.542,6.840000000000002
Fun Dip,Atlantic,Sugar Shack,The Other Factory,1,6.27,6.07,3.19,0.661,-165.3,0.111,6.7780000000000005
Wonka Gum,Gulf,Secret Factory,Lot's O' Nuts,26,5.69,7.59,-33.39,-4.297,931.0,0.53,6.600000000000001
Wonka Gum,Gulf,Secret Factory,Sugar Shack,26,5.69,6.69,-17.57,-2.467,534.6,0.53,6.600000000000001
Fizzy Lifting Drinks,Interior,Sugar Shack,The Other Factory,2,3.17,3.08,2.84,0.275,-109.9,0.177,6.344
Kazookles,Gulf,The Other Factory,Sugar Shack,18,5.07,6.53,-28.8,-3.436,793.0,0.474,5.48
Kazookles,Gulf,The Other Factory,Lot's O' Nuts,18,5.07,7.54,-48.72,-5.423,1251.4,0.474,5.48
Kazookles,Gulf,The Other Factory,Secret Factory,18,5.07,5.53,-9.07,-1.133,261.4,0.474,5.48
Hair Toffee,Pacific,The Other Factory,Secret Factory,2,4.8,4.7,2.08,0.098,-19.6,0.177,5.18
SweeTARTS,Interior,Sugar Shack,Lot's O' Nuts,4,6.14,6.25,-1.79,-0.023,7.2,0.259,5.088000000000001
Lickable Wallpaper,Interior,Secret Factory,Wicked Choccy's,15,4.75,5.89,-24.0,-2.608,550.9,0.446,4.92
Lickable Wallpaper,Interior,Secret Factory,Lot's O' Nuts,15,4.75,6.78,-42.74,-4.719,996.9,0.446,4.92
Lickable Wallpaper,Interior,Secret Factory,Sugar Shack,15,4.75,5.67,-19.37,-2.326,491.4,0.446,4.92
Everlasting Gobstopper,Pacific,Secret Factory,Sugar Shack,1,3.34,3.23,3.29,0.12,-20.0,0.111,4.6739999999999995
Kazookles,Interior,The Other Factory,Lot's O' Nuts,11,5.04,6.18,-22.62,-2.064,582.3,0.4,4.0
Kazookles,Interior,The Other Factory,Secret Factory,11,5.04,5.58,-10.71,-1.063,300.0,0.4,4.0
Kazookles,Interior,The Other Factory,Wicked Choccy's,11,5.04,5.99,-18.85,-1.724,486.3,0.4,4.0
Kazookles,Interior,The Other Factory,Sugar Shack,11,5.04,6.32,-25.4,-2.488,701.8,0.4,4.0
Lickable Wallpaper,Gulf,Secret Factory,Lot's O' Nuts,10,5.52,7.43,-34.6,-3.472,938.3,0.386,3.7200000000000006
Lickable Wallpaper,Gulf,Secret Factory,Sugar Shack,10,5.52,6.52,-18.12,-1.985,536.5,0.386,3.7200000000000006
Fizzy Lifting Drinks,Pacific,Sugar Shack,The Other Factory,1,6.93,6.97,-0.58,0.133,-44.3,0.111,2.7520000000000002
Laffy Taffy,Pacific,Sugar Shack,Lot's O' Nuts,1,6.77,6.78,-0.15,0.046,-46.4,0.111,2.4040000000000004
Fizzy Lifting Drinks,Pacific,Sugar Shack,Secret Factory,1,6.93,6.98,-0.72,0.037,-12.4,0.111,2.3680000000000003
Fizzy Lifting Drinks,Interior,Sugar Shack,Wicked Choccy's,2,3.17,3.51,-10.73,-0.297,118.7,0.177,2.3520000000000003
Laffy Taffy,Interior,Sugar Shack,The Other Factory,1,3.24,3.34,-3.09,0.014,-13.9,0.111,2.2760000000000002
Laffy Taffy,Atlantic,Sugar Shack,Lot's O' Nuts,6,6.56,8.5,-29.57,-2.151,921.9,0.313,2.2600000000000007
Everlasting Gobstopper,Interior,Secret Factory,Lot's O' Nuts,1,5.9,5.98,-1.36,-0.075,25.1,0.111,1.9200000000000002
SweeTARTS,Atlantic,Sugar Shack,Lot's O' Nuts,5,6.27,8.24,-31.42,-4.495,936.3,0.288,1.7599999999999998
Laffy Taffy,Interior,Sugar Shack,Wicked Choccy's,1,3.24,3.65,-12.65,-0.149,148.7,0.111,1.624
Fun Dip,Interior,Sugar Shack,Wicked Choccy's,1,3.84,4.1,-6.77,-0.232,77.2,0.111,1.292
Nerds,Atlantic,Sugar Shack,Lot's O' Nuts,4,6.13,8.2,-33.77,-2.454,981.8,0.259,1.1800000000000006
Hair Toffee,Gulf,The Other Factory,Secret Factory,1,2.07,2.27,-9.66,-0.265,132.5,0.111,1.16
Laffy Taffy,Pacific,Sugar Shack,Secret Factory,1,6.77,7.64,-12.85,-0.398,397.7,0.111,0.6279999999999999
Fun Dip,Gulf,Sugar Shack,Lot's O' Nuts,1,4.51,5.53,-22.62,-0.459,458.3,0.111,0.3840000000000001
Everlasting Gobstopper,Interior,Secret Factory,Wicked Choccy's,1,5.9,6.25,-5.93,-0.466,155.1,0.111,0.3560000000000001
Everlasting Gobstopper,Pacific,Secret Factory,The Other Factory,1,3.34,3.58,-7.19,-0.559,93.2,0.111,-0.016000000000000014
SweeTARTS,Pacific,Sugar Shack,Secret Factory,1,5.54,5.91,-6.68,-0.599,149.8,0.111,-0.17600000000000016
Laffy Taffy,Pacific,Sugar Shack,The Other Factory,1,6.77,8.21,-21.27,-0.656,655.4,0.111,-0.40400000000000036
Fizzy Lifting Drinks,Atlantic,Sugar Shack,Lot's O' Nuts,2,4.07,6.06,-48.89,-4.25,944.3,0.177,-0.45999999999999996
Fizzy Lifting Drinks,Interior,Sugar Shack,Lot's O' Nuts,2,3.17,5.06,-59.62,-2.234,893.5,0.177,-0.45999999999999996
Laffy Taffy,Gulf,Sugar Shack,Lot's O' Nuts,2,7.64,8.18,-7.07,-1.185,215.4,0.177,-0.45999999999999996
Hair Toffee,Pacific,The Other Factory,Wicked Choccy's,2,4.8,5.86,-22.08,-2.71,542.1,0.177,-0.45999999999999996
Hair Toffee,Atlantic,The Other Factory,Sugar Shack,1,6.31,6.52,-3.33,-0.826,165.3,0.111,-1.084
SweeTARTS,Pacific,Sugar Shack,The Other Factory,1,5.54,6.09,-9.93,-0.843,210.8,0.111,-1.1519999999999997
Fizzy Lifting Drinks,Gulf,Sugar Shack,Lot's O' Nuts,1,7.61,8.15,-7.1,-0.861,215.4,0.111,-1.2239999999999998
Laffy Taffy,Interior,Sugar Shack,Lot's O' Nuts,1,3.24,5.32,-64.2,-0.986,986.0,0.111,-1.7239999999999998
Laffy Taffy,Pacific,Sugar Shack,Wicked Choccy's,1,6.77,9.26,-36.78,-1.188,1187.6,0.111,-1.7799999999999998
Fun Dip,Interior,Sugar Shack,Lot's O' Nuts,1,3.84,5.38,-40.1,-2.148,716.2,0.111,-1.7799999999999998
Fun Dip,Atlantic,Sugar Shack,Lot's O' Nuts,1,6.27,8.36,-33.33,-3.959,989.7,0.111,-1.7799999999999998
Everlasting Gobstopper,Interior,Secret Factory,Sugar Shack,1,5.9,6.56,-11.19,-1.095,364.9,0.111,-1.7799999999999998
Everlasting Gobstopper,Gulf,Secret Factory,Sugar Shack,1,6.4,7.4,-15.62,-2.146,536.5,0.111,-1.7799999999999998
Everlasting Gobstopper,Gulf,Secret Factory,Lot's O' Nuts,1,6.4,7.94,-24.06,-3.007,751.9,0.111,-1.7799999999999998
Everlasting Gobstopper,Pacific,Secret Factory,Wicked Choccy's,1,3.34,4.67,-39.82,-3.871,645.3,0.111,-1.7799999999999998
Fizzy Lifting Drinks,Pacific,Sugar Shack,Wicked Choccy's,1,6.93,8.02,-15.73,-1.467,488.8,0.111,-1.7799999999999998
Hair Toffee,Atlantic,The Other Factory,Lot's O' Nuts,1,6.31,8.6,-36.29,-5.775,1155.0,0.111,-1.7799999999999998
Hair Toffee,Gulf,The Other Factory,Lot's O' Nuts,1,2.07,4.55,-119.81,-2.507,1253.6,0.111,-1.7799999999999998
Hair Toffee,Gulf,The Other Factory,Sugar Shack,1,2.07,3.19,-54.11,-1.255,627.6,0.111,-1.7799999999999998
SweeTARTS,Pacific,Sugar Shack,Wicked Choccy's,1,5.54,7.17,-29.42,-3.033,758.4,0.111,-1.7799999999999998
