Current Factory,Product Name,Region,avg_lead_time,avg_distance,orders,avg_margin_pct,total_gross_profit,total_est_shipping_cost
Sugar Shack,Fizzy Lifting Drinks,Gulf,7.98,1606.677263384194,1,0.6,9.0,6.43
Wicked Choccy's,Wonka Bar - Triple Dazzle Caramel,Pacific,7.861494082840236,2152.1344067373034,676,0.6533333333333334,6357.75,5593.61
Wicked Choccy's,Wonka Bar - Milk Chocolate,Pacific,7.821156156156157,2137.6675438299717,666,0.6492307692307693,5709.66,5784.09
Sugar Shack,Laffy Taffy,Gulf,7.755,1606.677263384194,2,0.6231155778894473,13.64,17.67
Lot's O' Nuts,Wonka Bar - Fudge Mallows,Atlantic,7.5437591240875905,2017.583547457609,548,0.6666666666666666,4819.2,4058.88
Lot's O' Nuts,Wonka Bar -Scrumdiddlyumptious,Atlantic,7.5410112359550565,2033.0953715344028,623,0.6944444444444444,5872.5,4782.47
Lot's O' Nuts,Wonka Bar - Nutty Crunch Surprise,Atlantic,7.512877551020408,2021.8364496714628,490,0.7134670487106017,4623.93,3758.85
Lot's O' Nuts,Wonka Bar -Scrumdiddlyumptious,Gulf,6.938322580645162,1672.4783946431446,310,0.6944444444444444,3007.5,2010.02
Lot's O' Nuts,Wonka Bar - Fudge Mallows,Gulf,6.8362199312714775,1670.7639009305494,291,0.6666666666666666,2596.8,1815.1000000000001
Lot's O' Nuts,Wonka Bar - Nutty Crunch Surprise,Gulf,6.832972972972973,1653.448825427444,296,0.7134670487106017,2709.12,1798.78
Sugar Shack,Fizzy Lifting Drinks,Pacific,6.77,1268.7862890197378,1,0.6,6.75,3.81
The Other Factory,Kazookles,Pacific,6.449333333333333,1623.6495103819386,30,0.07692307692307693,26.25,170.81
The Other Factory,Hair Toffee,Atlantic,6.42,943.7070243196733,1,0.7777777777777778,17.5,4.72
Sugar Shack,Fun Dip,Atlantic,6.42,1109.0323774620808,1,0.39999999999999997,2.4,4.44
Secret Factory,Lickable Wallpaper,Pacific,6.341764705882353,1470.3573435818855,34,0.5,1460.0,212.78
Secret Factory,Everlasting Gobstopper,Gulf,6.24,1070.1680746937993,1,0.8,32.0,4.28
Sugar Shack,Laffy Taffy,Pacific,6.22,1171.2972579221907,1,0.6231155778894473,1.24,1.17
Sugar Shack,SweeTARTS,Atlantic,6.1739999999999995,1108.1200181051377,5,0.4666666666666667,16.8,25.57
Sugar Shack,Nerds,Atlantic,6.165,1098.724900854875,4,0.4666666666666666,7.0,11.060000000000002
Secret Factory,Everlasting Gobstopper,Interior,6.15,816.3534738129943,1,0.8,24.0,2.45
The Other Factory,Hair Toffee,Pacific,5.975,1444.1066853479447,2,0.7777777777777778,35.0,14.440000000000001
Lot's O' Nuts,Wonka Bar -Scrumdiddlyumptious,Interior,5.920522875816993,1118.8421231557202,459,0.6944444444444444,4307.5,1921.79
Lot's O' Nuts,Wonka Bar - Nutty Crunch Surprise,Interior,5.865641592920354,1155.7369502385984,452,0.7134670487106017,4218.06,1973.88
Lot's O' Nuts,Wonka Bar - Fudge Mallows,Interior,5.8584146341463414,1144.8361067257372,410,0.6666666666666666,3828.0,1833.57
Sugar Shack,SweeTARTS,Interior,5.855,1048.742939038434,4,0.4666666666666666,9.1,13.77
Secret Factory,Wonka Gum,Pacific,5.783214285714286,1428.8978293916664,28,0.52,50.05,109.1
Sugar Shack,Laffy Taffy,Atlantic,5.741666666666667,1093.0028529079482,6,0.6231155778894473,17.36,14.91
Sugar Shack,SweeTARTS,Pacific,5.53,1452.8934973509943,1,0.4666666666666666,2.8,5.81
Wicked Choccy's,Wonka Bar - Triple Dazzle Caramel,Interior,5.4004656319290465,890.1713774953026,451,0.6533333333333334,4145.4,1515.65
Wicked Choccy's,Wonka Bar - Milk Chocolate,Interior,5.366553106212424,892.4840693281136,499,0.6492307692307692,3943.59,1663.92
Sugar Shack,Fizzy Lifting Drinks,Atlantic,5.355,1088.417424247669,2,0.6,20.25,9.780000000000001
The Other Factory,Kazookles,Atlantic,5.331351351351351,902.1299444506355,37,0.07692307692307693,37.25,135.88
Wicked Choccy's,Wonka Bar - Milk Chocolate,Atlantic,5.140547730829421,761.2050687236995,639,0.6492307692307693,4928.96,1786.84
Secret Factory,Wonka Gum,Atlantic,5.032162162162162,722.303549485156,37,0.52,109.85,121.85000000000001
Wicked Choccy's,Wonka Bar - Triple Dazzle Caramel,Atlantic,4.937831541218638,712.5432881896364,558,0.6533333333333333,5110.7,1496.99
Secret Factory,Lickable Wallpaper,Gulf,4.9350000000000005,596.7297714061908,10,0.5,370.0,23.15
Lot's O' Nuts,Wonka Bar - Fudge Mallows,Pacific,4.806133567662566,621.3087295671614,569,0.6666666666666666,5349.6,1360.42
Secret Factory,Wonka Gum,Gulf,4.765384615384615,746.3316480209198,26,0.52,78.0,88.57
Lot's O' Nuts,Wonka Bar - Nutty Crunch Surprise,Pacific,4.705384615384616,611.7684574515622,572,0.7134670487106017,5268.84,1308.42
Secret Factory,Lickable Wallpaper,Atlantic,4.6897142857142855,740.3936848236376,35,0.5,1390.0,97.45
The Other Factory,Kazookles,Interior,4.664545454545455,485.49016861674335,11,0.07692307692307693,9.75,18.98
Lot's O' Nuts,Wonka Bar -Scrumdiddlyumptious,Pacific,4.633541666666666,609.3351674884592,672,0.6944444444444444,6170.0,1499.69
Wicked Choccy's,Wonka Bar - Triple Dazzle Caramel,Gulf,4.337575757575758,342.9011657568346,330,0.6533333333333334,2996.35,426.64
Sugar Shack,Fizzy Lifting Drinks,Interior,4.32,647.3283572451178,2,0.6,11.25,3.24
Wicked Choccy's,Wonka Bar - Milk Chocolate,Gulf,4.19105105105105,355.207828978098,333,0.6492307692307693,2861.16,479.94
Secret Factory,Lickable Wallpaper,Interior,4.118666666666667,332.3923961044578,15,0.5,710.0,25.88
Sugar Shack,Fun Dip,Interior,4.11,643.6147664235315,1,0.4,1.8,1.93
Sugar Shack,Fun Dip,Gulf,4.1,982.4058261468217,1,0.39999999999999997,0.6,0.98
Secret Factory,Wonka Gum,Interior,3.962413793103448,452.83827557349485,29,0.52,72.8,48.23
The Other Factory,Kazookles,Gulf,3.889444444444445,453.8023373038734,18,0.07692307692307693,19.5,34.5
Secret Factory,Everlasting Gobstopper,Pacific,3.24,793.8114370646458,1,0.8,48.0,4.76
Sugar Shack,Laffy Taffy,Interior,2.87,651.041948066704,1,0.6231155778894473,1.24,0.65
The Other Factory,Hair Toffee,Gulf,2.12,573.5041386993003,1,0.7777777777777778,7.0,1.15
